[
    {
        "section": "Zombie Apokalypse",
        "titles": [
            {
                "title": "Leiter",
                "names": [
                    "Snayo"
                ]
            },
            {
                "title": "Builder",
                "names": [
                    "Sirbab",
		            "idk wer noch"
                ]
            },
            {
                "title": "Developer",
                "names": [
                    "Cyklon73"
                ]
            }
        ]
    },
    {
        "section": "Big bababubu boss",
        "titles": [
            {
                "title": "",
                "names": [
                    "GreenDuckStudio (hat nix gemacht)"
                ]
            }
        ]
    }
]